ID,order_ID,product_ID,quantity,unitPrice,lineTotal
0d111111-1111-4111-8111-111111111111,0c111111-1111-4111-8111-111111111111,0b111111-1111-4111-8111-111111111111,1,79.00,79.00
0d222222-2222-4222-8222-222222222222,0c111111-1111-4111-8111-111111111111,0b444444-4444-4444-8444-444444444444,1,35.00,35.00

0d333333-3333-4333-8333-333333333333,0c222222-2222-4222-8222-222222222222,0b444444-4444-4444-8444-444444444444,1,35.00,35.00
0d444444-4444-4444-8444-444444444444,0c222222-2222-4222-8222-222222222222,0b666666-6666-4666-8666-666666666666,1,8.00,8.00

0d555555-5555-4555-8555-555555555555,0c333333-3333-4333-8333-333333333333,0b555555-5555-4555-8555-555555555555,2,22.00,44.00
0d666666-6666-4666-8666-666666666666,0c333333-3333-4333-8333-333333333333,0b666666-6666-4666-8666-666666666666,1,8.00,8.00

0d777777-7777-4777-8777-777777777777,0c444444-4444-4444-8444-444444444444,0b222222-2222-4222-8222-222222222222,1,189.00,189.00
0d888888-8888-4888-8888-888888888888,0c444444-4444-4444-8444-444444444444,0b333333-3333-4333-8333-333333333333,1,99.00,99.00

0d999999-9999-4999-8999-999999999999,0c555555-5555-4555-8555-555555555555,0b777777-7777-4777-8777-777777777777,2,15.00,30.00
0daaaaaaa-aaaa-4aaa-8aaa-aaaaaaaaaaaa,0c555555-5555-4555-8555-555555555555,0b666666-6666-4666-8666-666666666666,1,8.00,8.00

0dbbbbbb-bbbb-4bbb-8bbb-bbbbbbbbbbbb,0c666666-6666-4666-8666-666666666666,0b111111-1111-4111-8111-111111111111,1,79.00,79.00
0dcccccc-cccc-4ccc-8ccc-cccccccccccc,0c666666-6666-4666-8666-666666666666,0b333333-3333-4333-8333-333333333333,1,99.00,99.00

0ddddddd-dddd-4ddd-8ddd-dddddddddddd,0c777777-7777-4777-8777-777777777777,0b444444-4444-4444-8444-444444444444,1,35.00,35.00
0deeeeee-eeee-4eee-8eee-eeeeeeeeeeee,0c777777-7777-4777-8777-777777777777,0b555555-5555-4555-8555-555555555555,1,22.00,22.00
0dfffffff-ffff-4fff-8fff-ffffffffffff,0c777777-7777-4777-8777-777777777777,0b666666-6666-4666-8666-666666666666,1,8.00,8.00
